<?xml version="1.0"?>
<houses>
	<house name="Rhyves #1" houseid="849" entryx="32983" entryy="31275" entryz="5" rent="0" townid="15" size="26" />
	<house name="Rhyves #2" houseid="850" entryx="32997" entryy="31274" entryz="4" rent="0" townid="15" size="10" />
	<house name="Rhyves #3" houseid="851" entryx="33000" entryy="31281" entryz="5" rent="0" townid="15" size="23" />
	<house name="Rhyves #4" houseid="852" entryx="32980" entryy="31278" entryz="6" rent="0" townid="15" size="36" />
	<house name="Rhyves #5" houseid="853" entryx="32995" entryy="31285" entryz="6" rent="0" townid="15" size="23" />
	<house name="Rhyves #6" houseid="854" entryx="32983" entryy="31301" entryz="7" rent="0" townid="15" size="16" />
	<house name="Rhyves #7" houseid="855" entryx="32982" entryy="31313" entryz="7" rent="0" townid="15" size="30" />
	<house name="Rhyves #8" houseid="856" entryx="32982" entryy="31317" entryz="7" rent="0" townid="15" size="24" />
	<house name="Rhyves #9" houseid="857" entryx="32982" entryy="31321" entryz="7" rent="0" townid="15" size="30" />
	<house name="Rhyves #10" houseid="858" entryx="32993" entryy="31328" entryz="7" rent="0" townid="15" size="22" />
	<house name="Rhyves #11" houseid="859" entryx="32981" entryy="31336" entryz="7" rent="0" townid="15" size="26" />
	<house name="Rhyves #12" houseid="860" entryx="33017" entryy="31326" entryz="7" rent="0" townid="15" size="23" />
	<house name="Rhyves #13" houseid="861" entryx="33024" entryy="31325" entryz="7" rent="0" townid="15" size="20" />
	<house name="Rhyves #14" houseid="862" entryx="33028" entryy="31326" entryz="7" rent="0" townid="15" size="20" />
	<house name="Rhyves #15" houseid="863" entryx="33017" entryy="31322" entryz="7" rent="0" townid="15" size="34" />
	<house name="Rhyves #16" houseid="864" entryx="33025" entryy="31322" entryz="7" rent="0" townid="15" size="16" />
	<house name="Rhyves #17" houseid="865" entryx="33013" entryy="31297" entryz="7" rent="0" townid="15" size="18" />
	<house name="Rhyves #18" houseid="866" entryx="33013" entryy="31304" entryz="7" rent="0" townid="15" size="18" />
	<house name="Rhyves #19" houseid="867" entryx="33007" entryy="31312" entryz="7" rent="0" townid="15" size="24" />
	<house name="Rhyves #20" houseid="868" entryx="33002" entryy="31302" entryz="7" rent="0" townid="15" size="18" />
	<house name="Rhyves #21" houseid="869" entryx="32987" entryy="31320" entryz="7" rent="0" townid="15" size="26" />
	<house name="Rhyves #22" houseid="870" entryx="32981" entryy="31336" entryz="6" rent="0" townid="15" size="26" />
	<house name="Rhyves #23" houseid="871" entryx="33032" entryy="31331" entryz="6" rent="0" townid="15" size="28" />
	<house name="Rhyves #24" houseid="872" entryx="33044" entryy="31334" entryz="6" rent="0" townid="15" size="42" />
	<house name="Rhyves #25" houseid="873" entryx="33043" entryy="31322" entryz="6" rent="0" townid="15" size="33" />
	<house name="Rhyves #26" houseid="874" entryx="33052" entryy="31299" entryz="6" rent="0" townid="15" size="20" />
	<house name="Rhyves #27" houseid="875" entryx="33051" entryy="31298" entryz="6" rent="0" townid="15" size="20" />
	<house name="Rhyves #28" houseid="876" entryx="33059" entryy="31284" entryz="6" rent="0" townid="15" size="36" />
	<house name="Rhyves #29" houseid="877" entryx="33104" entryy="31480" entryz="6" rent="0" townid="15" size="14" />
	<house name="Swamp #1" houseid="878" entryx="33107" entryy="31480" entryz="6" rent="0" townid="15" size="10" />
	<house name="Swamp #2" houseid="879" entryx="33107" entryy="31476" entryz="6" rent="0" townid="15" size="10" />
	<house name="Swamp #3" houseid="880" entryx="33097" entryy="31480" entryz="5" rent="0" townid="15" size="14" />
	<house name="Swamp #4" houseid="881" entryx="33095" entryy="31482" entryz="5" rent="0" townid="15" size="13" />
	<house name="Swamp #5" houseid="882" entryx="33095" entryy="31479" entryz="5" rent="0" townid="15" size="11" />
	<house name="Swamp #7" houseid="883" entryx="33091" entryy="31472" entryz="6" rent="0" townid="15" size="14" />
	<house name="Swamp #6" houseid="884" entryx="33097" entryy="31472" entryz="6" rent="0" townid="15" size="10" />
	<house name="Rhyves #37" houseid="885" entryx="32978" entryy="31267" entryz="7" rent="0" townid="15" size="23" />
	<house name="Rhyves #38" houseid="886" entryx="32983" entryy="31271" entryz="7" rent="0" townid="15" size="26" />
	<house name="Rhyves #39" houseid="887" entryx="32982" entryy="31263" entryz="7" rent="0" townid="15" size="24" />
	<house name="Rhyves #40" houseid="890" entryx="32991" entryy="31303" entryz="7" rent="0" guildhall="true" townid="15" size="163" />
	<house name="Rhyves #41" houseid="891" entryx="33038" entryy="31289" entryz="7" rent="0" guildhall="true" townid="15" size="284" />
	<house name="Rhyves #42" houseid="892" entryx="33059" entryy="31284" entryz="7" rent="0" townid="15" size="36" />
	<house name="Desert #7" houseid="893" entryx="33255" entryy="31548" entryz="7" rent="0" guildhall="true" townid="15" size="134" />
	<house name="Desert #1" houseid="894" entryx="33250" entryy="31521" entryz="7" rent="0" townid="15" size="12" />
	<house name="Desert #2" houseid="895" entryx="33250" entryy="31525" entryz="7" rent="0" townid="15" size="12" />
	<house name="Desert #3" houseid="896" entryx="33249" entryy="31521" entryz="6" rent="0" townid="15" size="15" />
	<house name="Desert #4" houseid="897" entryx="33249" entryy="31522" entryz="6" rent="0" townid="15" size="32" />
	<house name="Desert #5" houseid="898" entryx="33242" entryy="31523" entryz="6" rent="0" townid="15" size="22" />
	<house name="Desert #6" houseid="899" entryx="33242" entryy="31522" entryz="6" rent="0" townid="15" size="21" />
	<house name="Svargrond #1" houseid="900" entryx="32881" entryy="31203" entryz="7" rent="0" townid="15" size="19" />
	<house name="Svargrond #2" houseid="901" entryx="32897" entryy="31204" entryz="6" rent="0" townid="15" size="18" />
	<house name="Svargrond #3" houseid="902" entryx="32867" entryy="31195" entryz="6" rent="0" townid="15" size="16" />
	<house name="Svargrond #4" houseid="903" entryx="32873" entryy="31188" entryz="6" rent="0" townid="15" size="14" />
	<house name="Svargrond #5" houseid="904" entryx="32864" entryy="31188" entryz="5" rent="0" townid="15" size="22" />
	<house name="Svargrond #6" houseid="905" entryx="32882" entryy="31178" entryz="7" rent="0" townid="15" size="42" />
	<house name="Svargrond #7" houseid="906" entryx="32903" entryy="31174" entryz="6" rent="0" townid="15" size="22" />
	<house name="Svargrond #8" houseid="907" entryx="32904" entryy="31173" entryz="6" rent="0" townid="15" size="24" />
	<house name="Svargrond #9" houseid="908" entryx="32901" entryy="31161" entryz="7" rent="0" townid="15" size="23" />
	<house name="Svargrond #10" houseid="909" entryx="32888" entryy="31158" entryz="6" rent="0" townid="15" size="18" />
	<house name="Svargrond #11" houseid="910" entryx="32892" entryy="31158" entryz="6" rent="0" townid="15" size="18" />
	<house name="Svargrond #12" houseid="911" entryx="32893" entryy="31161" entryz="6" rent="0" townid="15" size="23" />
	<house name="Svargrond #13" houseid="912" entryx="32907" entryy="31159" entryz="7" rent="0" townid="15" size="23" />
	<house name="Svargrond #15" houseid="913" entryx="32913" entryy="31162" entryz="7" rent="0" townid="15" size="31" />
	<house name="Svargrond #16" houseid="914" entryx="32918" entryy="31158" entryz="7" rent="0" townid="15" size="19" />
	<house name="Svargrond #17" houseid="915" entryx="32922" entryy="31158" entryz="7" rent="0" townid="15" size="13" />
	<house name="Svargrond #18" houseid="916" entryx="32913" entryy="31158" entryz="6" rent="0" townid="15" size="20" />
	<house name="Svargrond #19" houseid="917" entryx="32919" entryy="31166" entryz="7" rent="0" townid="15" size="44" />
	<house name="Svargrond #20" houseid="918" entryx="32928" entryy="31166" entryz="7" rent="0" townid="15" size="26" />
	<house name="Svargrond #21" houseid="919" entryx="32945" entryy="31156" entryz="7" rent="0" townid="15" size="33" />
	<house name="Svargrond #22" houseid="920" entryx="32949" entryy="31149" entryz="7" rent="0" townid="15" size="29" />
	<house name="Svargrond #23" houseid="921" entryx="32942" entryy="31149" entryz="7" rent="0" townid="15" size="23" />
	<house name="Svargrond #24" houseid="922" entryx="32942" entryy="31141" entryz="7" rent="0" townid="15" size="28" />
	<house name="Svargrond #25" houseid="923" entryx="32940" entryy="31134" entryz="7" rent="0" townid="15" size="32" />
	<house name="Svargrond #26" houseid="924" entryx="32942" entryy="31129" entryz="7" rent="0" townid="15" size="26" />
	<house name="Svargrond #27" houseid="925" entryx="32942" entryy="31124" entryz="7" rent="0" townid="15" size="18" />
	<house name="Svargrond #28" houseid="926" entryx="32940" entryy="31127" entryz="6" rent="0" townid="15" size="26" />
	<house name="Svargrond #29" houseid="927" entryx="32940" entryy="31130" entryz="6" rent="0" townid="15" size="24" />
	<house name="Svargrond #30" houseid="928" entryx="32946" entryy="31126" entryz="7" rent="0" townid="15" size="28" />
	<house name="Yalahar #1" houseid="929" entryx="32558" entryy="31402" entryz="7" rent="0" townid="16" size="176" />
	<house name="Yalahar #2" houseid="930" entryx="32555" entryy="31395" entryz="7" rent="0" townid="16" size="112" />
	<house name="Yalahar #3" houseid="931" entryx="32560" entryy="31395" entryz="7" rent="0" townid="16" size="120" />
	<house name="Yalahar #4" houseid="932" entryx="32559" entryy="31393" entryz="7" rent="0" townid="16" size="87" />
	<house name="Yalahar #5" houseid="933" entryx="32549" entryy="31380" entryz="7" rent="0" guildhall="true" townid="16" size="432" />
	<house name="Yalahar #6" houseid="934" entryx="32552" entryy="31354" entryz="7" rent="0" townid="16" size="79" />
	<house name="Yalahar #7" houseid="935" entryx="32555" entryy="31356" entryz="7" rent="0" townid="16" size="97" />
	<house name="Yalahar #8" houseid="936" entryx="32557" entryy="31356" entryz="7" rent="0" townid="16" size="112" />
	<house name="Yalahar #9" houseid="937" entryx="32556" entryy="31352" entryz="7" rent="0" townid="16" size="52" />
	<house name="Yalahar #10" houseid="938" entryx="32559" entryy="31350" entryz="6" rent="0" townid="16" size="60" />
	<house name="Yalahar #11" houseid="939" entryx="32565" entryy="31336" entryz="7" rent="0" townid="16" size="19" />
	<house name="Yalahar #12" houseid="940" entryx="32565" entryy="31338" entryz="6" rent="0" townid="16" size="37" />
	<house name="Yalahar #13" houseid="941" entryx="32572" entryy="31338" entryz="7" rent="0" townid="16" size="19" />
	<house name="Yalahar #14" houseid="942" entryx="32572" entryy="31336" entryz="7" rent="0" guildhall="true" townid="16" size="214" />
</houses>
